<?xml version="1.0" encoding="windows-1251" standalone="yes"?>
<Belongs>
    <Belong id="1100" logo="16" />
    <Belong id="1001" logo="0" />
    <Belong id="1002" logo="22" />
    <Belong id="1003" logo="24" />
    <Belong id="1004" logo="9" />
    <Belong id="1005" logo="26" />
    <Belong id="1006" logo="2" />
    <Belong id="1007" logo="8" />
    <Belong id="1008" logo="10" />
    <Belong id="1009" logo="21" />
    <Belong id="1010" logo="17" />
    <Belong id="1011" logo="12" />
    <Belong id="1012" logo="3" />
    <Belong id="1013" logo="11" />
    <Belong id="1014" logo="27" />
    <Belong id="1015" logo="5" />
    <Belong id="1016" logo="7" />
    <Belong id="1017" logo="6" />
    <Belong id="1018" logo="0" />
    <Belong id="1019" logo="23" />
    <Belong id="1020" logo="4" />
    <Belong id="1021" logo="18" />
    <Belong id="1022" logo="19" />
    <Belong id="1023" logo="13" />
    <Belong id="1024" logo="14" />
    <Belong id="1025" logo="25" />
    <Belong id="1026" logo="31" />
    <Belong id="1027" logo="15" />
    <Belong id="1028" logo="20" />
    <Belong id="1029" logo="1" />
    <Belong id="1030" logo="16" />
    <Belong id="1040" logo="5" />
    <Belong id="1041" logo="5" />
    <Belong id="1042" logo="9" />
    <Belong id="1043" logo="0" />
    <Belong id="1044" logo="22" />
    <Belong id="1045" logo="17" />
    <Belong id="1046" logo="5" />
    <Belong id="1048" logo="5" />
    <Belong id="1050" logo="24" />
    <Belong id="1051" logo="10" />
    <Belong id="1052" logo="21" />
    <Belong id="1053" logo="30" />
    <Belong id="1054" logo="7" />
    <Belong id="1060" logo="28" />
    <Belong id="1061" logo="29" />
    <Belong id="1062" logo="15" />
    <Belong id="1063" logo="0" />
    <Belong id="1064" logo="4" />
    <Belong id="1065" logo="3" />
	<Belong id="1066" logo="27" />
    <Belong id="1067" logo="21" />
    <Belong id="1068" logo="23" />
</Belongs>