<?xml version="1.0" encoding="windows-1251" standalone="yes" ?>
<!-- Seel's comments: -->
<!-- Cinematic screen used in cutscenes -->
<Prefabs>
	<Node
		name="CinematicPanel"
		class="Wnd"
		org="0.000 0.000 1920.000 1080.000"
		style="576"
		order="-1"
		id="0"
		caption=""
		tip=""
		backimage=""
		paneName="defaultWnd"
		paneFlags="1"
		wrap="2"
		font="0">
		<Node
			name="wndText"
			class="Wnd"
			org="513.000 928.000 843.000 141.000"
			style="832"
			order="1"
			id="0"
			caption=""
			tip=""
			backimage=""
			paneName="defaultWnd"
			paneFlags="7"
			wrap="2"
			font="0"/>

		<Node
			name="wndPortraitOverlay"
			class="ImageWnd"
			org="0.000 900.000 1920.000 180.000"
			style="768"
			order="3"
			id="0"
			caption=""
			tip=""
			backimage=""
			image="data\if\ico\CinemaPanel\foreground_movie_shade.dds"
			paneName="WndNoAlpha"
			paneFlags="0"
			wrap="2"
			font="0"/>

		<Node
			name="wndPortrait_0"
			class="ModelWnd"
			org="178.000 757.000 281.000 281.000"
			style="768"
			order="2"
			id="0"
			caption=""
			tip=""
			backimage=""
			paneName="PaneHrrr"
			scrollPaneName="Scroll1"
			paneFlags="0"
			wrap="2"
			format="1"
			font="0"
			clientEdges="0.000 0.000 0.000 0.000"
			wndColor="00000000"
			textColor="ffffffff"
			image=""
			ModelRotation="0.0000 -0.3000 0.0000 1.0000"
			ModelTranslation="0.000 -0.700 2.500"
			ModelScale="2.100 2.100 2.100"/>

		<Node
			name="wndPortrait_1"
			class="ModelWnd"
			org="1461.000 757.000 281.000 281.000"
			style="768"
			order="2"
			id="0"
			caption=""
			tip=""
			backimage=""
			paneName="PaneHrrr"
			scrollPaneName="Scroll1"
			paneFlags="0"
			wrap="2"
			format="1"
			font="0"
			clientEdges="0.000 0.000 0.000 0.000"
			wndColor="00000000"
			textColor="ffffffff"
			image=""
			ModelRotation="0.0000 0.3000 0.0000 1.0000"
			ModelTranslation="0.000 -0.700 2.500"
			ModelScale="2.100 2.100 2.100"/>

		<Node
			name="DownPanel"
			class="Wnd"
			org="0.000 911.000 1920.000 169.000"
			style="768"
			order="3"
			id="0"
			caption=""
			tip=""
			backimage=""
			paneName="WndNoAlpha"
			paneFlags="1"
			wrap="2"
			font="0"/>

		<Node
			name="UpPanel"
			class="Wnd"
			org="0.000 0.000 1920.000 169.000"
			style="768"
			order="4"
			id="0"
			caption=""
			tip=""
			backimage=""
			paneName="WndNoAlpha"
			paneFlags="1"
			wrap="2"
			font="0"/>

		<Node
			name="wndScrollImageUpOverlay"
			class="ImageWnd"
			org="0.000 0.000 1920.000 360.000"
			style="768"
			order="18"
			id="0"
			caption=""
			tip=""
			backimage=""
			image="data\if\ico\CinemaPanel\scene_top.dds"
			paneName="defaultWnd"
			scrollPaneName="Scroll1"
			paneFlags="0"
			wrap="2"
			format="1"
			font="0"
			clientEdges="0.000 0.000 0.000 0.000"
			wndColor="00000000"
			textColor="ff505050"
			textColorDisabled="ff7f7f7f">
			<Animations/>
		</Node>

		<Node
			name="wndScrollImageDownOverlay"
			class="ImageWnd"
			org="0.000 720.000 1920.000 360.000"
			style="768"
			order="18"
			id="0"
			caption=""
			tip=""
			backimage=""
			image="data\if\ico\CinemaPanel\scene_btm.dds"
			paneName="defaultWnd"
			scrollPaneName="Scroll1"
			paneFlags="0"
			wrap="2"
			format="1"
			font="0"
			clientEdges="0.000 0.000 0.000 0.000"
			wndColor="00000000"
			textColor="ff505050"
			textColorDisabled="ff7f7f7f">
			<Animations/>
		</Node>

		<Node
			name="wndScrollText"
			class="Wnd"
			org="330.000 0.000 1260.000 1080.000"
			style="768"
			order="18"
			id="0"
			caption=""
			tip=""
			backimage=""
			paneName="defaultWnd"
			scrollPaneName="Scroll1"
			paneFlags="0"
			wrap="2"
			format="3"
			font="0"
			clientEdges="0.000 0.000 0.000 0.000"
			wndColor="00000000"
			textColor="ffdcc297"
			textColorDisabled="ff7f7f7f">
			<Animations/>
		</Node>

		<Node
			name="wndScrollImage"
			class="ImageWnd"
			org="0.000 0.000 1920.000 1080.000"
			style="768"
			order="18"
			id="0"
			caption=""
			tip=""
			backimage=""
			image="data\if\ico\CinemaPanel\scene_middle.dds"
			paneName="defaultWnd"
			scrollPaneName="Scroll1"
			paneFlags="0"
			wrap="2"
			format="1"
			font="0"
			clientEdges="0.000 0.000 0.000 0.000"
			wndColor="00000000"
			textColor="ff505050"
			textColorDisabled="ff7f7f7f">
			<Animations/>
		</Node>
	</Node>
</Prefabs>
